{"cameraMode":{"drawMode":0,"name":"Shaded","section":"Shading Mode"},"sceneLighting":false,"audioPlay":false,"sceneViewState":{"m_AlwaysRefresh":false,"showFog":true,"showSkybox":false,"showFlares":true,"showImageEffects":true,"showParticleSystems":true,"showVisualEffectGraphs":true,"m_FxEnabled":true},"in2DMode":false,"pivot":{"x":0.017425864934921266,"y":0.06459759920835495,"z":0.001744742039591074},"rotation":{"x":-0.03872483968734741,"y":0.23986075818538667,"z":-0.009568522684276104,"w":-0.9700630307197571},"size":0.0857524499297142,"orthographic":false}