{"cameraMode":{"drawMode":0,"name":"Shaded","section":"Shading Mode"},"sceneLighting":false,"audioPlay":false,"sceneViewState":{"m_AlwaysRefresh":false,"showFog":true,"showSkybox":false,"showFlares":true,"showImageEffects":true,"showParticleSystems":true,"showVisualEffectGraphs":true,"m_FxEnabled":true},"in2DMode":false,"pivot":{"x":-1.1175870895385743e-8,"y":0.07140220701694489,"z":-0.0007022731006145477},"rotation":{"x":-0.033209335058927539,"y":-0.7331203818321228,"z":0.03586858510971069,"w":-0.6784616708755493},"size":0.85033118724823,"orthographic":false}