{"cameraMode":{"drawMode":0,"name":"Shaded","section":"Shading Mode"},"sceneLighting":false,"audioPlay":false,"sceneViewState":{"m_AlwaysRefresh":false,"showFog":true,"showSkybox":false,"showFlares":true,"showImageEffects":true,"showParticleSystems":true,"showVisualEffectGraphs":true,"m_FxEnabled":true},"in2DMode":false,"pivot":{"x":0.1899999976158142,"y":1.190000057220459,"z":-0.23499999940395356},"rotation":{"x":-0.05466122925281525,"y":0.9329164624214172,"z":-0.16052354872226716,"w":-0.3176756799221039},"size":0.04849742725491524,"orthographic":false}