{"cameraMode":{"drawMode":0,"name":"Shaded","section":"Shading Mode"},"sceneLighting":false,"audioPlay":false,"sceneViewState":{"m_AlwaysRefresh":false,"showFog":true,"showSkybox":false,"showFlares":true,"showImageEffects":true,"showParticleSystems":true,"showVisualEffectGraphs":true,"m_FxEnabled":true},"in2DMode":false,"pivot":{"x":0.04784185066819191,"y":-0.02614549919962883,"z":-0.046615395694971088},"rotation":{"x":-0.1102055236697197,"y":0.6646568179130554,"z":-0.10004634410142899,"w":-0.732185423374176},"size":0.7375091314315796,"orthographic":false}