{"cameraMode":{"drawMode":0,"name":"Shaded","section":"Shading Mode"},"sceneLighting":false,"audioPlay":false,"sceneViewState":{"m_AlwaysRefresh":false,"showFog":true,"showSkybox":false,"showFlares":true,"showImageEffects":true,"showParticleSystems":true,"showVisualEffectGraphs":true,"m_FxEnabled":true},"in2DMode":false,"pivot":{"x":0.04784185066819191,"y":-0.02614549919962883,"z":-0.046615395694971088},"rotation":{"x":-0.10936599224805832,"y":-0.7810856699943543,"z":0.1428593546152115,"w":-0.5979731678962708},"size":0.8416204452514648,"orthographic":false}