{"cameraMode":{"drawMode":0,"name":"Shaded","section":"Shading Mode"},"sceneLighting":true,"audioPlay":false,"sceneViewState":{"m_AlwaysRefresh":false,"showFog":true,"showSkybox":true,"showFlares":true,"showImageEffects":true,"showParticleSystems":true,"showVisualEffectGraphs":true,"m_FxEnabled":true},"in2DMode":false,"pivot":{"x":-3.751201629638672,"y":3.036118268966675,"z":17.361373901367189},"rotation":{"x":-0.030154641717672349,"y":0.9690914154052734,"z":-0.15241564810276032,"w":-0.19171053171157838},"size":12.254057884216309,"orthographic":false}