{"cameraMode":{"drawMode":0,"name":"Shaded","section":"Shading Mode"},"sceneLighting":true,"audioPlay":false,"sceneViewState":{"m_AlwaysRefresh":false,"showFog":true,"showSkybox":true,"showFlares":true,"showImageEffects":true,"showParticleSystems":true,"showVisualEffectGraphs":true,"m_FxEnabled":true},"in2DMode":false,"pivot":{"x":-2.2075607776641847,"y":1.2630927562713624,"z":12.824284553527832},"rotation":{"x":0.08608953654766083,"y":-0.9044654965400696,"z":0.2184586077928543,"w":0.3563598096370697},"size":9.552634239196778,"orthographic":false}