{"cameraMode":{"drawMode":0,"name":"Shaded","section":"Shading Mode"},"sceneLighting":true,"audioPlay":false,"sceneViewState":{"m_AlwaysRefresh":false,"showFog":true,"showSkybox":true,"showFlares":true,"showImageEffects":true,"showParticleSystems":true,"showVisualEffectGraphs":true,"m_FxEnabled":true},"in2DMode":false,"pivot":{"x":0.4102037250995636,"y":0.8804020881652832,"z":0.32712429761886599},"rotation":{"x":-0.02977161854505539,"y":-0.123563252389431,"z":0.0037082803901284935,"w":-0.9920438528060913},"size":0.11164537072181702,"orthographic":false}