{"cameraMode":{"drawMode":0,"name":"Shaded","section":"Shading Mode"},"sceneLighting":true,"audioPlay":false,"sceneViewState":{"m_AlwaysRefresh":false,"showFog":true,"showSkybox":true,"showFlares":true,"showImageEffects":true,"showParticleSystems":true,"showVisualEffectGraphs":true,"m_FxEnabled":true},"in2DMode":false,"pivot":{"x":-14.003011703491211,"y":1.2809743881225587,"z":25.124271392822267},"rotation":{"x":0.05296057090163231,"y":-0.9422063827514648,"z":0.1796492338180542,"w":0.2778867781162262},"size":17.52214241027832,"orthographic":false}