{"cameraMode":{"drawMode":0,"name":"Shaded","section":"Shading Mode"},"sceneLighting":false,"audioPlay":false,"sceneViewState":{"m_AlwaysRefresh":false,"showFog":true,"showSkybox":false,"showFlares":true,"showImageEffects":true,"showParticleSystems":true,"showVisualEffectGraphs":true,"m_FxEnabled":true},"in2DMode":false,"pivot":{"x":0.2099747657775879,"y":0.7719613313674927,"z":0.24762903153896333},"rotation":{"x":-0.08814340084791184,"y":0.6160966157913208,"z":-0.0695406049489975,"w":-0.7797319889068604},"size":1.2999579906463624,"orthographic":false}