{"cameraMode":{"drawMode":0,"name":"Shaded","section":"Shading Mode"},"sceneLighting":false,"audioPlay":false,"sceneViewState":{"m_AlwaysRefresh":false,"showFog":true,"showSkybox":false,"showFlares":true,"showImageEffects":true,"showParticleSystems":true,"showVisualEffectGraphs":true,"m_FxEnabled":true},"in2DMode":false,"pivot":{"x":-0.4718610346317291,"y":0.7789546251296997,"z":0.2996968626976013},"rotation":{"x":-0.023810816928744317,"y":0.9354361891746521,"z":-0.06438671052455902,"w":-0.34698137640953066},"size":0.1449490487575531,"orthographic":false}